,Output Signal Power (dB),Output DC Power (dB),Gain (out/in),Gain (dB),SFDR (dB),THD (dB),SNR (dB),SNDR (dB),HD2,HD3,Rise Time[90.0%] (ns),Bandwidth (GHz)
Dynamic Evaluation Indicators,-18.04073509826315,-7.35349426072533,,,0.8461833779946505,-26.94859571130747,-7.350074596394722,-7.3516883476402395,-26.94859571130747,,0.32003553216355834,3.124653044740472
