,Signal Power (dB),DC Power (dB),SFDR (dB),THD (dB),SNR (dB),SNDR (dB),ENOB
Dynamic Evaluation Indicators,-12.331490135395732,-36.86130398249694,26.99769250907003,-27.604077802908016,17.650478740061825,17.232313075831776,2.5701516737262087
