,Signal Power (dB),DC Power (dB),SFDR (dB),THD (dB),SNR (dB),SNDR (dB),ENOB
Dynamic Evaluation Indicators,-12.342090197414334,-38.41797242602269,27.88869859480439,-28.517875749919057,18.035460640824795,17.663241314673087,2.6417344376533367
