,Signal Power (dB),DC Power (dB),SFDR (dB),THD (dB),SNR (dB),SNDR (dB),ENOB
Dynamic Evaluation Indicators,-12.302456243777453,-35.67516561305984,28.105336768842125,-29.49156504456349,17.35039721293573,17.092925027373248,2.546997512852699
