,Signal Power (dB),DC Power (dB),SFDR (dB),THD (dB),SNR (dB),SNDR (dB),ENOB
Dynamic Evaluation Indicators,-12.354016447006437,-35.25286810288363,27.31065252656952,-31.514921235088707,17.215662187030773,17.057205173438987,2.5410639822988355
