,Signal Power (dB),DC Power (dB),SFDR (dB),THD (dB),SNR (dB),SNDR (dB),ENOB,HD2 (dB),HD3 (dB)
Dynamic Evaluation Indicators,-13.262461155324461,-37.04049339960577,27.841220780380223,-29.677881598770025,20.07148337116002,19.62026353947263,2.9668211859589086,-35.69781240505448,-50.341619830650366
