,Signal Power (dB),DC Power (dB),SFDR (dB),THD (dB),SNR (dB),SNDR (dB),ENOB,HD2 (dB),HD3 (dB)
Dynamic Evaluation Indicators,-12.345567235396409,-36.12359947967773,27.84122078038022,-29.67788159877002,20.071483371160134,19.620263539472727,2.9668211859589246,-35.697812405054464,-50.341619830650366
