,Signal Power (dB),DC Power (dB),SFDR (dB),THD (dB),SNR (dB),SNDR (dB),ENOB
Dynamic Evaluation Indicators,-6.01926104535718,-83.94561116251634,8.017500311355105,-8.016918474541656,38.958645792363335,8.013423557897948,1.0387746773916857
